train_no,type,is_express,ms,origin,dest,start_time,end_time,duration_str,dist_km,stops_count,skipped_count,speed_kmh,sdi,note
272,自強,True,山,苗栗,花蓮,05:24,10:40,5時16分,28.80000000000001,34,12,5.47,118.06,
102,自強,True,山,斗六,七堵,04:57,08:49,3時52分,249.29999999999998,18,15,64.47,7.22,
472,自強3000,True,山,員林,臺東,06:00,13:06,7時06分,97.70000000000002,35,41,13.76,35.82,
278,自強3000,True,海,彰化,花蓮,06:48,11:58,5時10分,43.0,25,29,8.32,58.14,
270,自強,True,山,嘉義,花蓮,05:52,12:53,7時01分,123.9,36,28,17.66,29.06,
280,自強3000,True,山,斗六,花蓮,06:51,12:11,5時20分,89.99999999999997,20,40,16.87,22.22,
108,自強3000,True,山,潮州,七堵,05:28,11:07,5時39分,395.2,28,26,69.95,7.09,
198,自強,True,,潮州,新營,05:37,07:21,1時44分,122.30000000000001,10,7,70.56,8.18,逢週一至五行駛。
112,自強,True,海,潮州,基隆,06:10,12:50,6時40分,395.2,29,27,59.28,7.34,親子車廂
110,自強3000,True,山,潮州,七堵,06:22,11:27,5時05分,395.2,15,39,77.74,3.8,親子座
162,自強3000,True,山,臺東,七堵,07:24,07:57,0時33分,34.0,25,50,61.82,73.53,
114,自強,True,山,潮州,七堵,07:30,13:33,6時03分,395.2,26,28,65.32,6.58,親子車廂
178,普悠瑪,True,海,高雄,松山,08:42,13:54,5時12分,382.9,33,13,73.63,8.62,
116,自強3000,True,山,潮州,七堵,08:50,14:25,5時35分,395.2,26,28,70.78,6.58,
164,自強3000,True,山,臺東,七堵,09:16,09:58,0時42分,43.5,35,40,62.14,80.46,
118,自強,True,山,屏東,七堵,09:39,15:33,5時54分,395.2,26,26,66.98,6.58,
120,自強3000,True,海,潮州,七堵,10:00,15:51,5時51分,395.2,28,26,67.56,7.09,
172,自強3000,True,山,潮州,七堵,10:39,16:16,5時37分,395.2,25,29,70.36,6.33,親子座
148,普悠瑪,True,山,彰化,南港,14:05,16:24,2時19分,188.9,8,17,81.54,4.24,逢週六、日行駛。
180,自強3000,True,海,潮州,七堵,11:14,17:20,6時06分,395.2,32,22,64.79,8.1,
122,自強,True,山,潮州,基隆,11:22,17:56,6時34分,395.2,29,27,60.18,7.34,親子車廂
124,普悠瑪,True,山,潮州,松山,12:02,16:24,4時22分,375.0,12,39,85.88,3.2,
176,自強,True,山,潮州,瑞芳,12:16,18:39,6時23分,423.7,30,35,66.38,7.08,
282,普悠瑪,True,山,彰化,花蓮,15:42,19:59,4時17分,43.0,15,39,10.04,34.88,
128,自強,True,山,潮州,基隆,12:47,19:17,6時30分,395.2,28,28,60.8,7.09,
130,自強,True,海,彰化,基隆,15:55,19:43,3時48分,210.9,19,10,55.5,9.01,逢週日停駛。
126,自強,True,海,斗南,七堵,15:08,19:26,4時18分,256.79999999999995,19,15,59.72,7.4,逢週日行駛。
182,自強,True,山,彰化,七堵,16:30,19:57,3時27分,202.3,15,12,58.64,7.41,逢週日行駛。
194,自強3000,True,山,斗六,七堵,16:19,19:45,3時26分,249.29999999999998,14,19,72.61,5.62,
554,莒光,True,海,潮州,花蓮,12:57,00:53,11時56分,273.79999999999995,62,19,22.94,22.64,在和平跨日。
132,自強3000,True,山,枋寮,七堵,13:45,18:45,5時00分,433.09999999999997,14,40,86.62,3.23,
134,自強,True,山,屏東,基隆,14:04,20:28,6時24分,395.2,30,24,61.75,7.59,
138,自強,True,山,屏東,七堵,15:08,21:04,5時56分,395.2,24,28,66.61,6.07,
136,自強3000,True,山,潮州,七堵,15:25,20:27,5時02分,395.2,14,40,78.52,3.54,
158,自強,True,海,彰化,七堵,18:06,21:31,3時25分,202.3,17,10,59.21,8.4,逢週五至日行駛。親子車廂
142,自強,True,山,潮州,七堵,15:31,21:45,6時14分,395.2,27,27,63.4,6.83,
288,普悠瑪,True,山,彰化,花蓮,19:10,23:39,4時29分,43.0,19,35,9.59,44.19,
144,自強3000,True,山,潮州,基隆,16:38,22:30,5時52分,395.2,30,26,67.36,7.59,親子座
146,自強3000,True,海,潮州,七堵,16:50,22:51,6時01分,395.2,28,26,65.68,7.09,
168,自強3000,True,山,臺東,七堵,17:20,17:58,0時38分,43.5,31,44,68.68,71.26,
150,自強,True,山,屏東,七堵,17:48,23:51,6時03分,395.2,27,25,65.32,6.83,親子車廂
154,自強3000,True,山,潮州,南港,18:14,23:01,4時47分,377.8,13,39,78.98,3.44,
152,自強,True,山,潮州,汐止,18:27,00:23,5時56分,424.09999999999997,26,27,71.48,6.13,在臺北跨日。
386,自強3000,True,山,臺東,臺中,19:05,19:45,0時40分,43.5,24,27,65.25,55.17,
324,自強3000,True,,花蓮,臺南,19:30,20:00,0時30分,28.5,19,36,57.0,66.67,親子座
196,自強3000,True,山,潮州,臺中,19:48,22:50,3時02分,249.29999999999998,13,17,82.19,5.21,
156,自強,True,,屏東,嘉義,20:43,22:34,1時51分,134.89999999999998,11,5,72.92,8.15,
301,自強3000,True,,臺南,花蓮,06:30,09:22,2時52分,0.0,23,32,0.0,0.0,
501,莒光,True,,彰化,潮州,05:22,09:35,4時13分,230.79999999999998,24,5,54.74,10.4,
101,自強,True,山,臺中,潮州,05:30,09:06,3時36分,249.29999999999998,20,11,69.25,8.02,
199,自強,True,,新營,潮州,07:58,09:46,1時48分,122.30000000000001,11,7,67.94,8.99,逢週一至五行駛。
371,自強3000,True,山,臺中,臺東,06:57,11:32,4時35分,130.9,26,25,28.56,19.86,
191,自強3000,True,山,臺中,潮州,07:39,10:25,2時46分,249.29999999999998,9,22,90.11,3.61,
161,自強3000,True,山,南港,臺東,05:45,12:15,6時30分,301.3,27,45,46.35,8.96,
103,自強,True,海,汐止,潮州,06:05,12:15,6時10分,424.09999999999997,27,26,68.77,6.37,
105,自強,True,山,基隆,潮州,06:12,12:51,6時39分,395.2,32,24,59.43,8.1,
107,普悠瑪,True,山,南港,潮州,06:59,11:32,4時33分,377.8,13,39,83.03,3.44,
111,自強3000,True,山,七堵,枋寮,07:23,12:33,5時10分,433.09999999999997,14,40,83.83,3.23,
109,自強,True,山,基隆,屏東,07:34,13:30,5時56分,395.2,25,29,66.61,6.33,
113,自強,True,海,七堵,彰化,07:54,11:22,3時28分,202.3,16,10,58.36,7.91,
115,自強,True,山,基隆,屏東,08:09,14:32,6時23分,395.2,31,23,61.91,7.84,
171,普悠瑪,True,海,松山,高雄,09:15,14:41,5時26分,382.9,34,11,70.47,8.88,
193,自強3000,True,山,七堵,彰化,09:08,11:52,2時44分,202.3,10,16,74.01,4.94,
131,自強3000,True,山,七堵,潮州,09:25,14:34,5時09分,395.2,14,40,76.74,3.54,
117,自強3000,True,山,基隆,潮州,09:27,15:29,6時02分,395.2,30,26,65.5,7.59,
119,自強,True,海,七堵,彰化,10:07,13:41,3時34分,202.3,16,10,56.72,7.91,逢週五至日行駛。親子車廂
121,自強3000,True,山,七堵,潮州,10:23,16:08,5時45分,395.2,26,28,68.73,6.58,親子座
173,自強,True,山,七堵,斗南,10:43,14:52,4時09分,256.79999999999995,18,15,61.88,7.01,逢週日行駛。
127,普悠瑪,True,山,松山,彰化,11:28,13:37,2時09分,186.1,6,17,86.56,3.22,逢週六、日行駛。
123,自強,True,山,七堵,屏東,11:27,17:23,5時56分,395.2,25,27,66.61,6.33,親子車廂
137,自強3000,True,山,七堵,潮州,11:42,16:51,5時09分,395.2,15,39,76.74,3.8,
271,普悠瑪,True,山,花蓮,彰化,12:21,12:53,0時32分,29.9,20,34,56.06,66.89,
125,自強3000,True,山,七堵,潮州,12:25,18:10,5時45分,395.2,28,26,68.73,7.09,
165,自強3000,True,山,七堵,臺東,13:23,19:53,6時30分,314.7,18,56,48.42,5.72,
129,自強,True,山,基隆,潮州,13:14,19:39,6時25分,395.2,26,30,61.59,6.58,親子車廂
133,自強3000,True,海,七堵,潮州,14:07,20:04,5時57分,395.2,29,25,66.42,7.34,
135,自強,True,山,七堵,屏東,14:29,20:26,5時57分,395.2,25,27,66.42,6.33,
167,自強3000,True,山,七堵,臺東,15:25,22:30,7時05分,314.7,32,42,44.43,10.17,
175,自強,True,山,七堵,潮州,15:29,21:41,6時12分,395.2,26,28,63.74,6.58,
179,自強3000,True,海,七堵,潮州,16:04,22:25,6時21分,395.2,37,17,62.24,9.36,
273,普悠瑪,True,山,花蓮,彰化,16:19,16:53,0時34分,29.9,15,39,52.76,50.17,
139,自強3000,True,山,七堵,潮州,16:25,22:06,5時41分,395.2,26,28,69.54,6.58,
141,自強,True,山,七堵,潮州,16:57,23:09,6時12分,395.2,25,29,63.74,6.33,
277,自強,True,山,花蓮,斗南,17:09,17:55,0時46分,36.699999999999996,42,19,47.87,114.44,
143,自強3000,True,山,七堵,潮州,17:21,22:39,5時18分,395.2,17,37,74.57,4.3,親子座
145,自強3000,True,海,七堵,潮州,17:36,23:39,6時03分,395.2,29,25,65.32,7.34,
477,自強3000,True,山,臺東,員林,18:11,18:58,0時47分,36.699999999999996,36,40,46.85,98.09,
149,自強,True,山,基隆,潮州,18:13,00:31,6時18分,395.2,28,28,62.73,7.09,在鳳山跨日。
653,莒光,True,海,臺東,彰化,18:43,19:39,0時56分,36.699999999999996,63,12,39.32,171.66,
281,自強,True,山,花蓮,屏東,19:01,19:40,0時39分,29.9,36,44,46.0,120.4,在新左營跨日。
283,自強3000,True,山,壽豐,斗六,19:52,20:28,0時36分,29.9,25,39,49.83,83.61,
285,自強3000,True,海,花蓮,彰化,20:20,20:54,0時34分,29.9,24,30,52.76,80.27,
155,自強,True,山,七堵,臺中,21:03,23:51,2時48分,183.8,13,11,65.64,7.07,
157,自強,True,山,七堵,苗栗,21:22,23:43,2時21分,130.5,13,5,55.53,9.96,
306,自強3000,True,,花蓮,新左營,06:21,11:00,4時39分,0.0,28,15,0.0,0.0,
602,莒光,True,,花蓮,臺東,06:34,09:47,3時13分,0.0,19,2,0.0,0.0,
402,普悠瑪,True,,樹林,知本,05:45,10:30,4時45分,289.8,17,34,61.01,5.87,
406,自強3000,True,,樹林,臺東,06:10,11:02,4時52分,278.0,22,25,57.12,7.91,
22,普悠瑪,True,,樹林,臺東,06:46,11:35,4時49分,278.0,12,35,57.72,4.32,逢週五、六行駛。團體列車
408,自強3000,True,,樹林,臺東,06:56,11:10,4時14分,278.0,8,39,65.67,2.88,花東民眾實名優先購票班次
410,自強3000,True,,樹林,新左營,07:34,15:01,7時27分,352.9,37,32,47.37,10.48,花東民眾實名優先購票班次。親子座
214,自強3000,True,,樹林,花蓮,08:50,11:44,2時54分,122.60000000000001,12,14,42.28,9.79,逢週六、日行駛。
418,自強3000,True,,樹林,臺東,09:06,13:52,4時46分,278.0,13,34,58.32,4.68,逢週一、六行駛。親子座
416,普悠瑪,True,,樹林,臺東,09:06,13:52,4時46分,278.0,13,34,58.32,4.68,逢週日行駛。
422,自強3000,True,,樹林,新左營,10:09,17:10,7時01分,352.9,30,39,50.29,8.5,
218,太魯閣,True,,樹林,花蓮,10:31,13:11,2時40分,122.60000000000001,8,18,45.98,6.53,
420,普悠瑪,True,,樹林,臺東,11:16,15:56,4時40分,278.0,21,26,59.57,7.55,
224,普悠瑪,True,,樹林,花蓮,11:36,14:45,3時09分,122.60000000000001,17,9,38.92,13.87,
426,自強3000,True,,樹林,臺東,12:20,16:30,4時10分,278.0,8,39,66.72,2.88,
228,普悠瑪,True,,樹林,花蓮,12:49,15:45,2時56分,122.60000000000001,14,12,41.8,11.42,
428,自強3000,True,,樹林,新左營,13:34,20:59,7時25分,352.9,39,30,47.58,11.05,
230,自強3000,True,,花蓮,壽豐,16:43,17:01,0時18分,0.0,4,0,0.0,0.0,逢週一至四行駛。
232,自強3000,True,,樹林,壽豐,13:57,17:01,3時04分,139.2,11,19,45.39,7.9,逢週五至日行駛。
234,太魯閣,True,,樹林,花蓮,14:08,16:44,2時36分,122.60000000000001,7,19,47.15,5.71,逢週日行駛。
432,自強3000,True,,樹林,新左營,14:38,21:57,7時19分,352.9,32,37,48.23,9.07,
236,普悠瑪,True,,樹林,花蓮,15:23,18:01,2時38分,122.60000000000001,8,18,46.56,6.53,逢週五、日行駛。
238,自強,True,,樹林,花蓮,15:33,19:12,3時39分,122.60000000000001,18,8,33.59,14.68,
434,自強3000,True,,樹林,新左營,15:41,23:04,7時23分,352.9,32,37,47.8,9.07,花東民眾實名優先購票班次
442,自強3000,True,,樹林,臺東,16:44,21:40,4時56分,278.0,22,25,56.35,7.91,
436,自強3000,True,,樹林,臺東,17:41,22:05,4時24分,278.0,10,37,63.18,3.6,逢週五至日行駛。
438,自強3000,True,,樹林,臺東,18:13,22:45,4時32分,278.0,14,33,61.32,5.04,
246,自強,True,,樹林,花蓮,18:18,22:00,3時42分,122.60000000000001,15,11,33.14,12.23,
250,自強3000,True,,樹林,花蓮,18:44,21:32,2時48分,122.60000000000001,8,18,43.79,6.53,逢週五、日行駛。
248,太魯閣,True,,樹林,花蓮,19:04,21:43,2時39分,122.60000000000001,8,18,46.26,6.53,
448,普悠瑪,True,,樹林,臺東,19:45,00:15,4時30分,278.0,19,28,61.78,6.83,在臺東跨日。
252,自強3000,True,,樹林,壽豐,20:17,23:33,3時16分,139.2,15,15,42.61,10.78,
256,普悠瑪,True,,樹林,花蓮,21:41,00:24,2時43分,122.60000000000001,10,16,45.13,8.16,在花蓮跨日。
452,普悠瑪,True,,樹林,新左營,23:57,07:52,7時55分,352.9,34,35,44.58,9.63,逢週五行駛。在板橋跨日。
203,普悠瑪,True,,花蓮,樹林,05:50,08:38,2時48分,0.0,11,16,0.0,0.0,
401,普悠瑪,True,,臺東,樹林,04:58,09:05,4時07分,278.0,12,36,67.53,4.32,
207,自強3000,True,,壽豐,樹林,07:08,10:26,3時18分,139.2,16,15,42.18,11.49,花東民眾實名優先購票班次
405,自強3000,True,,臺東,樹林,06:13,10:43,4時30分,278.0,16,32,61.78,5.76,逢週五至日行駛。
209,自強,True,,花蓮,樹林,08:04,11:18,3時14分,0.0,12,15,0.0,0.0,
407,自強3000,True,,臺東,樹林,06:45,11:46,5時01分,278.0,23,25,55.42,8.27,花東民眾實名優先購票班次
411,自強3000,True,,新左營,樹林,07:43,07:43,0時00分,0.0,33,36,0.0,0.0,
213,自強3000,True,,花蓮,樹林,10:24,13:20,2時56分,0.0,14,13,0.0,0.0,逢週五至日行駛。
217,太魯閣,True,,花蓮,樹林,11:02,13:38,2時36分,0.0,9,18,0.0,0.0,
415,自強3000,True,,新左營,樹林,09:41,09:41,0時00分,0.0,29,40,0.0,0.0,親子座
215,自強3000,True,,花蓮,樹林,12:03,14:46,2時43分,0.0,9,18,0.0,0.0,逢週六、日行駛。
219,普悠瑪,True,,花蓮,樹林,12:14,15:12,2時58分,0.0,15,12,0.0,0.0,
221,自強,True,,花蓮,樹林,12:39,16:05,3時26分,0.0,16,11,0.0,0.0,
417,普悠瑪,True,,知本,樹林,11:04,11:04,0時00分,0.0,18,34,0.0,0.0,
419,自強3000,True,,臺東,樹林,11:47,16:37,4時50分,278.0,20,28,57.52,7.19,
421,自強3000,True,,臺東,樹林,13:00,17:10,4時10分,278.0,9,39,66.72,3.24,親子座
223,自強3000,True,,花蓮,樹林,14:51,17:33,2時42分,0.0,7,20,0.0,0.0,逢週五、日行駛。
423,自強3000,True,,新左營,樹林,13:20,13:20,0時00分,0.0,34,35,0.0,0.0,
231,太魯閣,True,,花蓮,樹林,16:45,19:25,2時40分,0.0,9,18,0.0,0.0,
431,自強3000,True,,新左營,樹林,15:10,15:10,0時00分,0.0,32,37,0.0,0.0,花東民眾實名優先購票班次
425,普悠瑪,True,,臺東,樹林,15:25,20:13,4時48分,278.0,16,32,57.92,5.76,逢週六行駛。
427,自強3000,True,,臺東,樹林,15:25,20:13,4時48分,278.0,16,32,57.92,5.76,逢週五、日行駛。親子座
233,太魯閣,True,,花蓮,樹林,18:02,20:41,2時39分,0.0,8,19,0.0,0.0,逢週日行駛。
21,普悠瑪,True,,臺東,樹林,16:25,21:06,4時41分,278.0,13,35,59.36,4.68,逢週五、日行駛。團體列車
235,普悠瑪,True,,花蓮,樹林,18:32,21:36,3時04分,0.0,18,9,0.0,0.0,
439,自強3000,True,,臺東,樹林,16:55,21:52,4時57分,278.0,21,27,56.16,7.55,親子座
441,自強3000,True,,新左營,樹林,17:46,17:46,0時00分,0.0,26,43,0.0,0.0,
237,普悠瑪,True,,花蓮,樹林,19:38,22:21,2時43分,0.0,10,17,0.0,0.0,逢週五、日行駛。
443,普悠瑪,True,,新左營,樹林,17:54,17:54,0時00分,0.0,19,50,0.0,0.0,逢週日行駛。
445,自強3000,True,,新左營,樹林,18:35,18:35,0時00分,0.0,37,32,0.0,0.0,親子座
447,普悠瑪,True,,臺東,樹林,20:00,00:32,4時32分,278.0,18,30,61.32,6.47,在松山跨日。
323,自強3000,True,,新左營,花蓮,21:16,21:16,0時00分,0.0,26,16,0.0,0.0,
3001,區間快,False,,潮州,臺東,05:52,08:23,2時31分,118.39999999999998,14,0,47.05,11.82,
3303,區間車車次TRAINNUMBER,False,,潮州,加祿,06:08,06:52,0時44分,24.599999999999966,5,0,33.55,20.33,
3003,區間快,False,,新左營,臺東,06:27,09:45,3時18分,74.89999999999998,19,1,22.7,25.37,
305,普悠瑪,True,,新左營,臺東,08:32,10:56,2時24分,74.89999999999998,9,11,31.21,12.02,逢週六行駛。
3005,區間快,False,山,臺中,臺東,08:54,11:42,2時48分,74.89999999999998,16,4,26.75,21.36,
727,莒光,True,,潮州,臺東,11:55,14:46,2時51分,118.39999999999998,14,0,41.54,11.82,
3021,區間快,False,,新左營,臺東,17:13,20:20,3時07分,74.89999999999998,16,4,24.03,21.36,
327,自強3000,True,,新左營,臺東,21:31,23:47,2時16分,74.89999999999998,12,8,33.04,16.02,
3310,區間車,False,,加祿,新左營,07:04,08:46,1時42分,18.900000000000034,12,0,11.12,63.49,
3006,區間快,False,,臺東,潮州,06:20,08:27,2時07分,118.39999999999998,14,0,55.94,11.82,
304,自強3000,True,,臺東,新左營,10:14,12:50,2時36分,74.89999999999998,14,7,28.81,18.69,
3018,區間快,False,,臺東,新左營,11:08,14:10,3時02分,74.89999999999998,18,3,24.69,24.03,
310,普悠瑪,True,,臺東,新左營,12:20,14:47,2時27分,74.89999999999998,10,11,30.57,13.35,逢週日行駛。
314,自強3000,True,,臺東,新左營,13:41,15:50,2時09分,74.89999999999998,10,11,34.84,13.35,
3028,區間快,False,,臺東,彰化,14:13,17:01,2時48分,74.89999999999998,17,4,26.75,22.7,
708,莒光,True,,臺東,新左營,15:17,18:44,3時27分,74.89999999999998,19,2,21.71,25.37,
3038,區間快,False,,臺東,新左營,17:00,20:16,3時16分,74.89999999999998,21,0,22.93,28.04,
